<root>
	<name>Webhook</name>
	<key>webhook</key>
	<state>stable</state>
	<!-- stable | unstable | beta | alpha -->
	<logo>https://raw.githubusercontent.com/ericferon/glpi-webhook/master/webhook.svg</logo>
	<description>
		<short>
			<en>This plugin let you notify another application about changes in inventoy items.<br/>Then, an API call to this other application can be performed to reflect this change into this other application.<br/></en>
			<fr>Ce greffon vous permet de notifier, à une autre application, des changements relatifs à un élément d'inventaire.<br/>Un appel API peut alors être exécuté, pour reporter ce changement dans cette autre application.</fr>
		</short>
		<long>
			<en>This plugin let you notify another application about changes in inventoy items.<br/>Then, an API call to this other application can be performed to reflect this change into this other application.<br/>See the plugin wiki on github for the user manual (https://github.com/ericferon/glpi-webhook/wiki).</en>
			<fr>Ce greffon vous permet de notifier, à une autre application, des changements relatifs à un élément d'inventaire.<br/>Un appel API peut alors être exécuté, pour reporter ce changement dans cette autre application.<br/>Consultez le wiki sur github pour le manuel d'utilisation(https://github.com/ericferon/glpi-webhook/wiki).</fr>
		</long>
	</description>
	<homepage>https://github.com/ericferon/glpi-webhook</homepage>
	<download>https://github.com/ericferon/glpi-webhook/releases</download>
	<issues>https://github.com/ericferon/glpi-webhook/issues</issues>
	<readme>https://github.com/ericferon/glpi-webhook/blob/master/README.md</readme>
	<authors>
		<author>Eric Feron</author>
	</authors>
	<versions>
		<version>
			<num>1.0.18</num>
			<compatibility>>=10.0.3</compatibility>
			<download_url>https://github.com/ericferon/glpi-webhook/releases/download/v1.0.18/webhook-v1.0.18.tar.gz</download_url>
		</version>
		<version>
			<num>1.0.17</num>
			<compatibility>>=10.0.3</compatibility>
			<download_url>https://github.com/ericferon/glpi-webhook/releases/download/v1.0.17/webhook-v1.0.17.tar.gz</download_url>
		</version>
		<version>
			<num>1.0.16</num>
			<compatibility>>=10.0.3</compatibility>
			<download_url>https://github.com/ericferon/glpi-webhook/releases/download/v1.0.16/webhook-v1.0.16.tar.gz</download_url>
		</version>
		<version>
			<num>1.0.15</num>
			<compatibility>>=10.0.3</compatibility>
			<download_url>https://github.com/ericferon/glpi-webhook/releases/download/v1.0.15/webhook-v1.0.15.tar.gz</download_url>
		</version>
		<version>
			<num>1.0.14</num>
			<compatibility>>=10.0.3</compatibility>
			<download_url>https://github.com/ericferon/glpi-webhook/releases/download/v1.0.14/webhook-v1.0.14.tar.gz</download_url>
		</version>
		<version>
			<num>1.0.13</num>
			<compatibility>>=10.0.3</compatibility>
			<download_url>https://github.com/ericferon/glpi-webhook/releases/download/v1.0.13/webhook-v1.0.13.tar.gz</download_url>
		</version>
		<version>
			<num>1.0.12</num>
			<compatibility>>=10.0.3</compatibility>
			<download_url>https://github.com/ericferon/glpi-webhook/releases/download/v1.0.12/webhook-v1.0.12.tar.gz</download_url>
		</version>
		<version>
			<num>1.0.11</num>
			<compatibility>>=10.0.3</compatibility>
			<download_url>https://github.com/ericferon/glpi-webhook/releases/download/v1.0.11/webhook-v1.0.11.tar.gz</download_url>
		</version>
		<version>
			<num>1.0.10</num>
			<compatibility>>=10.0.3</compatibility>
			<download_url>https://github.com/ericferon/glpi-webhook/releases/download/v1.0.10/webhook-v1.0.10.tar.gz</download_url>
		</version>
		<version>
			<num>1.0.9</num>
			<compatibility>>=10.0.3</compatibility>
			<download_url>https://github.com/ericferon/glpi-webhook/releases/download/v1.0.9/webhook-v1.0.9.tar.gz</download_url>
		</version>
		<version>
			<num>1.0.8</num>
			<compatibility>>=10.0.3</compatibility>
			<download_url>https://github.com/ericferon/glpi-webhook/releases/download/v1.0.8/webhook-v1.0.8.tar.gz</download_url>
		</version>
		<version>
			<num>1.0.7</num>
			<compatibility>>=10.0.3</compatibility>
			<download_url>https://github.com/ericferon/glpi-webhook/releases/download/v1.0.7/webhook-v1.0.7.tar.gz</download_url>
		</version>
		<version>
			<num>1.0.6</num>
			<compatibility>>=10.0.3</compatibility>
			<download_url>https://github.com/ericferon/glpi-webhook/releases/download/v1.0.6/webhook-v1.0.6.tar.gz</download_url>
		</version>
		<version>
			<num>1.0.5</num>
			<compatibility>>=10.0.3</compatibility>
			<download_url>https://github.com/ericferon/glpi-webhook/releases/download/v1.0.5/webhook-v1.0.5.tar.gz</download_url>
		</version>
		<version>
			<num>1.0.4</num>
			<compatibility>>=10.0.3</compatibility>
			<download_url>https://github.com/ericferon/glpi-webhook/releases/download/v1.0.4/webhook-v1.0.4.tar.gz</download_url>
		</version>
		<version>
			<num>1.0.3</num>
			<compatibility>~10.0.0</compatibility>
			<download_url>https://github.com/ericferon/glpi-webhook/releases/download/v1.0.3/webhook-v1.0.3.tar.gz</download_url>
		</version>
		<version>
			<num>1.0.2</num>
			<compatibility>~10.0.0</compatibility>
			<download_url>https://github.com/ericferon/glpi-webhook/releases/download/v1.0.2/webhook-v1.0.2.tar.gz</download_url>
		</version>
		<version>
			<num>1.0.1</num>
			<compatibility>~9.5.0 || ~10.0.0</compatibility>
			<download_url>https://github.com/ericferon/glpi-webhook/releases/download/v1.0.1/webhook-v1.0.1.tar.gz</download_url>
		</version>
		<version>
			<num>1.0.0</num>
			<compatibility>~9.5.0 || ~10.0.0</compatibility>
			<download_url>https://github.com/ericferon/glpi-webhook/releases/download/v1.0.0/webhook-v1.0.0.tar.gz</download_url>
		</version>
	</versions>
	<langs>
		<lang>en_GB</lang>
		<lang>fr_FR</lang>
	</langs>
	<license>GPL v2+</license>
	<tags>
		<en>
			<tag>Configuration</tag>
			<tag>Export</tag>
			<tag>Synchronization</tag>
			<tag>Notification</tag>
		</en>
		<fr>
			<tag>Configuration</tag>
			<tag>Export</tag>
			<tag>Synchronisation</tag>
			<tag>Notification</tag>
		</fr>
	</tags>
	<screenshots>
	</screenshots>
</root>
