<?xml version="1.0" encoding="UTF-8"?>
<root>
   <name>IP Report</name>
   <key>addressing</key>
   <state>stable</state>
   <logo>https://github.com/pluginsGLPI/addressing/blob/master/addressing.png?raw=true</logo>
   <description>
      <short>
          <fr><![CDATA[Rapport IP. Ce plugin vous permet créer un rapport IP afin de visualiser les adresses ip utilisées et libres sur un réseau donné. Génération de la liste des ip attribuées / libres / réservées / doublons. Personnalisation de l’affichage. Fonction ping adresses libres]]></fr>
          <en><![CDATA[IP reports. This plugin enables you to create IP report for visualize IP addresses used and free on a given network.]]></en>
          <cs><![CDATA[Výkazy o IP adresách. Tento zásuvný modul umožňuje vytvářet výkaz o IP adresách pro vizualizaci použitých a volných adres na dané síti.]]></cs>
      </short>
      <long>
          <fr><![CDATA[Ce plugin vous permet créer des rapports IP afin de visualiser les adresses ip utilisées et libres sur un réseau donné.<br />-Génération de la liste des ip attribuées / libres / réservées / doublons pour tout type de matériel ayant une IP.<br />-Réservations d'IP.<br />-Ping adresses libres sur divers systèmes.]]></fr>
          <en><![CDATA[This plugin enables you to create IP reports for visualize IP addresses used and free on a given network.<br />-List generation of ip assigned / free / reserved / doubles for all items with IP field.<br />-IP reservations.<br />-Ping fonction for free ip for many systems.]]></en>
          <cs><![CDATA[Výkazy o IP adresách. Tento zásuvný modul umožňuje vytvářet výkaz o IP adresách pro vizualizaci použitých a volných adres na dané síti.<br />- Vytváření seznamu přiřazených/volných/rezervovaných/duplicitních IP adres pro všechny položky s kolonkou IP adresa.<br />- Rezervace IP adres.<br />- Ping funkce pro volné IP adresy pro mnoho systémů.]]></cs>
      </long>
   </description>
   <homepage>https://github.com/pluginsGLPI/addressing</homepage>
   <download>https://github.com/pluginsGLPI/addressing/releases</download>
   <issues>https://github.com/pluginsGLPI/addressing/issues</issues>
   <readme>https://github.com/pluginsGLPI/addressing/wiki</readme>
   <authors>
      <author>Gilles Portheault</author>
      <author>Xavier Caillaud / Infotel</author>
      <author>Remi Collet</author>
      <author>Nelly Mahu-Lasson</author>
   </authors>
   <versions>
       <version>
           <num>3.0.2</num>
           <compatibility>~10.0</compatibility>
           <download_url>https://github.com/pluginsGLPI/addressing/releases/download/3.0.2/glpi-addressing-3.0.2.tar.bz2</download_url>
       </version>
       <version>
           <num>3.0.1</num>
           <compatibility>~10.0</compatibility>
           <download_url>https://github.com/pluginsGLPI/addressing/releases/download/3.0.1/glpi-addressing-3.0.1.tar.bz2</download_url>
       </version>
       <version>
           <num>3.0.0</num>
           <compatibility>~10.0</compatibility>
           <download_url>https://github.com/pluginsGLPI/addressing/releases/download/3.0.0/glpi-addressing-3.0.0.tar.bz2</download_url>
       </version>
       <version>
           <num>3.0.0-rc2</num>
           <compatibility>~10.0</compatibility>
           <download_url>https://github.com/pluginsGLPI/addressing/releases/download/3.0.0-rc2/glpi-addressing-3.0.0-rc2.tar.bz2</download_url>
       </version>
       <version>
           <num>3.0.0-rc1</num>
           <compatibility>~10.0</compatibility>
           <download_url>https://github.com/pluginsGLPI/addressing/releases/download/3.0.0-rc1/glpi-addressing-3.0.0-rc1.tar.bz2</download_url>
       </version>
        <version>
           <num>2.9.1</num>
           <compatibility>9.5</compatibility>
       </version>
        <version>
           <num>2.9.0</num>
           <compatibility>9.5</compatibility>
       </version>
        <version>
           <num>2.8.0</num>
           <compatibility>9.4</compatibility>
       </version>
       <version>
           <num>2.7.1</num>
           <compatibility>9.3</compatibility>
       </version>
       <version>
           <num>2.7.0</num>
           <compatibility>9.3</compatibility>
       </version>
       <version>
           <num>2.6.1</num>
           <compatibility>9.2</compatibility>
       </version>
       <version>
           <num>2.6.0</num>
           <compatibility>9.2</compatibility>
       </version>
      <version>
          <num>2.5.0</num>
          <compatibility>9.1.1</compatibility>
      </version>
      <version>
          <num>2.3.0</num>
          <compatibility>0.90</compatibility>
      </version>
      <version>
          <num>2.2.0</num>
          <compatibility>0.85.3</compatibility>
      </version>
      <version>
          <num>2.1.0</num>
          <compatibility>0.84</compatibility>
      </version>
      <version>
          <num>2.0.1</num>
          <compatibility>0.83.3</compatibility>
      </version>
      <version>
          <num>2.0.0</num>
          <compatibility>0.83</compatibility>
      </version>
      <version>
          <num>1.9.1</num>
          <compatibility>0.80</compatibility>
      </version>
      <version>
          <num>1.9.0</num>
          <compatibility>0.80</compatibility>
      </version>
      <version>
          <num>1.8.0</num>
          <compatibility>0.78</compatibility>
      </version>
      <version>
          <num>1.7.2</num>
          <compatibility>0.72</compatibility>
      </version>
      <version>
          <num>1.7.1</num>
          <compatibility>0.72</compatibility>
      </version>
      <version>
          <num>1.7.0</num>
          <compatibility>0.72</compatibility>
      </version>
      <version>
           <num>1.6</num>
          <compatibility>0.71</compatibility>
      </version>
      <version>
          <num>1.4</num>
          <compatibility>0.70</compatibility>
      </version>
      <version>
          <num>1.3</num>
          <compatibility>0.68</compatibility>
      </version>
      <version>
          <num>1.2</num>
          <compatibility>0.68</compatibility>
      </version>
      <version>
          <num>1.1</num>
          <compatibility>0.68</compatibility>
      </version>
   </versions>
   <langs>
      <lang>cs_CZ</lang>
      <lang>de_DE</lang>
      <lang>en_GB</lang>
      <lang>es_AR</lang>
      <lang>es_ES</lang>
      <lang>fr_FR</lang>
      <lang>it_IT</lang>
      <lang>pl_PL</lang>
      <lang>pt_BR</lang>
      <lang>ro_RO</lang>
      <lang>ru_RU</lang>
      <lang>tr_TR</lang>
   </langs>
   <license><![CDATA[GPL v2+]]></license>
      <tags>
          <fr>
              <tag>Rapports</tag>
              <tag>Réseau</tag>
          </fr>
          <en>
              <tag>Reports</tag>
              <tag>Network</tag>
          </en>
          <cs>
              <tag>Výkazy</tag>
              <tag>Síť</tag>
          </cs>
   </tags>
</root>
