<?xml version="1.0"?>
<ruleset>
    <file>.</file>
    <exclude-pattern>/.git/</exclude-pattern>
    <exclude-pattern type="relative">^vendor/</exclude-pattern>
    <exclude-pattern type="relative">^lib/</exclude-pattern>
    <exclude-pattern type="relative">^locales/</exclude-pattern>

    <arg name="colors" />
    <arg name="extensions" value="php" />
    <arg value="p" />
    <arg name="warning-severity" value="0" />

    <rule ref="PSR12">
        <exclude name="Generic.Files.LineLength" />
        <exclude name="PSR1.Classes.ClassDeclaration.MissingNamespace" />
    </rule>
    <rule ref="Generic.Arrays.ArrayIndent"></rule>
</ruleset>
