<root>
   <name>More Reporting</name>
   <key>mreporting</key>
   <state>stable</state>
   <logo>https://raw.githubusercontent.com/pluginsGLPI/mreporting/main/pics/chart-garea.png</logo>
   <description>
      <short>
         <cs>Přidání (a vytváření) nových výkazů s grafy pro glpi</cs>
         <en>Add (and develop) new graphical reports for glpi</en>
         <fr>Ajouter (et développer) de nouveaux rapports graphiques pour glpi</fr>

      </short>
      <long>
         <cs>Přidání (a vytváření) nových výkazů s grafy pro glpi.   

Tento zásuvný modul obsahuje sadu nových statistických výkazů: 

* Služba podpory
  * Nahromaděné požadavky
  * Stáří požadavku
  * Požadavky podle skupiny nebo technika
  * Nejčastější kategorie nebo skupiny žadatelů
  * Počet změn skupin
  * 5 SLA výkazů

* Inventory
  * Verze operačních systémů a distribuce
  * Nejčastější výrobci
  * Nejčastější typy (server, notebook, …)
  * Nejčastější stavy
  * Stáří počítačů
  * FusionInventory agenti

* Distribuce záznamů o událostech

Můžete si také vytvořit nový výkaz pomocí kostry zásuvného modulu.  
Viz dokumentace: https://github.com/PluginsGLPI/mreporting/wiki
         </cs>

         <en>Add (and develop) new graphical reports for glpi.   

This plugins embed a set of new statistics reports : 

* Helpdesk
  * Backlog
  * Ticket age
  * Tickets per group or technician
  * Top categories or requester groups
  * Number of group changes
  * 5 SLA reports

* Inventory
  * Os versions and distributions
  * Top manufacturers
  * Top types (server, laptop, ...)
  * Top status
  * Age of computers
  * FusionInventory agents

* Logs distribution

You can also develop new report with the framework of plugin.  
See documentation : https://github.com/PluginsGLPI/mreporting/wiki
         </en>
         <fr>Ajouter (et développer) de nouveaux rapports grahiques pour glpi.   

Ce plugin contient un ensemble de nouveaux rapports statistiques.

* Assistance
  * Backlog
  * Ancienneté des tickets
  * Tickets par groupes ou techniciens
  * Top catégories ou groupes demandeurs
  * Nombre de changement de groupes
  * 5 rapports SLA

* Inventaire
  * Versions et distributions des OS
  * Top fabricants
  * top types (serveurs, portables, ...)
  * Top statuts
  * Age des ordinateurs
  * Agents FusionInventory

* Répartition des logs

Vous pouvez aussi ajouter vos propre rapports en utilisant le "framework" fourni par le plugin
Voir documentation : https://github.com/PluginsGLPI/mreporting/wiki
         </fr>
      </long>
   </description>
   <homepage>https://github.com/pluginsGLPI/mreporting/</homepage>
   <download>https://github.com/pluginsGLPI/mreporting/releases</download>
   <issues>https://github.com/pluginsGLPI/mreporting/issues</issues>
   <readme>https://raw.githubusercontent.com/pluginsGLPI/mreporting/main/README.md</readme>
   <authors>
      <author>Teclib'</author>
      <author>Infotel</author>
   </authors>
   <versions>
      <version>
         <num>1.8.6</num>
         <compatibility>~10.0.0</compatibility>
         <download_url>https://github.com/pluginsGLPI/mreporting/releases/download/1.8.6/glpi-mreporting-1.8.6.tar.bz2</download_url>
      </version>
      <version>
         <num>1.8.5</num>
         <compatibility>~10.0.0</compatibility>
         <download_url>https://github.com/pluginsGLPI/mreporting/releases/download/1.8.5/glpi-mreporting-1.8.5.tar.bz2</download_url>
      </version>
      <version>
         <num>1.8.4</num>
         <compatibility>~10.0.0</compatibility>
         <download_url>https://github.com/pluginsGLPI/mreporting/releases/download/1.8.4/glpi-mreporting-1.8.4.tar.bz2</download_url>
      </version>
      <version>
         <num>1.8.3</num>
         <compatibility>~10.0.0</compatibility>
         <download_url>https://github.com/pluginsGLPI/mreporting/releases/download/1.8.3/glpi-mreporting-1.8.3.tar.bz2</download_url>
      </version>
      <version>
         <num>1.8.2</num>
         <compatibility>~10.0.0</compatibility>
         <download_url>https://github.com/pluginsGLPI/mreporting/releases/download/1.8.2/glpi-mreporting-1.8.2.tar.bz2</download_url>
      </version>
      <version>
         <num>1.8.1</num>
         <compatibility>~10.0.0</compatibility>
         <download_url>https://github.com/pluginsGLPI/mreporting/releases/download/1.8.1/glpi-mreporting-1.8.1.tar.bz2</download_url>
      </version>
      <version>
         <num>1.8.0</num>
         <compatibility>~10.0.0</compatibility>
         <download_url>https://github.com/pluginsGLPI/mreporting/releases/download/1.8.0/glpi-mreporting-1.8.0.tar.bz2</download_url>
      </version>
      <version>
         <num>1.7.4</num>
         <compatibility>~9.5.0</compatibility>
         <download_url>https://github.com/pluginsGLPI/mreporting/releases/download/1.7.4/glpi-mreporting-1.7.4.tar.bz2</download_url>
      </version>
      <version>
         <num>1.7.3</num>
         <compatibility>~9.5.0</compatibility>
         <download_url>https://github.com/pluginsGLPI/mreporting/releases/download/1.7.3/glpi-mreporting-1.7.3.tar.bz2</download_url>
      </version>
      <version>
         <num>1.7.2</num>
         <compatibility>~9.5.0</compatibility>
         <download_url>https://github.com/pluginsGLPI/mreporting/releases/download/1.7.2/glpi-mreporting-1.7.2.tar.bz2</download_url>
      </version>
      <version>
         <num>1.7.1</num>
         <compatibility>~9.5.0</compatibility>
         <download_url>https://github.com/pluginsGLPI/mreporting/releases/download/1.7.1/glpi-mreporting-1.7.1.tar.bz2</download_url>
      </version>
      <version>
         <num>1.7.0</num>
         <compatibility>~9.5.0</compatibility>
         <download_url>https://github.com/pluginsGLPI/mreporting/releases/download/1.7.0/glpi-mreporting-1.7.0.tar.bz2</download_url>
      </version>
      <version>
         <num>1.6.1</num>
         <compatibility>9.4</compatibility>
      </version>
      <version>
         <num>1.6.0</num>
         <compatibility>9.4</compatibility>
      </version>
      <version>
         <num>1.5.3</num>
         <compatibility>9.3</compatibility>
      </version>
      <version>
         <num>1.5.2</num>
         <compatibility>9.3</compatibility>
      </version>
      <version>
         <num>1.5.1</num>
         <compatibility>9.3</compatibility>
      </version>
      <version>
         <num>1.5.0</num>
         <compatibility>9.3</compatibility>
      </version>
      <version>
         <num>1.4.1</num>
         <compatibility>9.2</compatibility>
      </version>
      <version>
         <num>1.4.0</num>
         <compatibility>9.2</compatibility>
      </version>
      <version>
         <num>1.3.1</num>
         <compatibility>9.1</compatibility>
      </version>
      <version>
         <num>1.3.0</num>
         <compatibility>9.1</compatibility>
      </version>
      <version>
         <num>0.90+1.2</num>
         <compatibility>0.85</compatibility>
         <compatibility>0.90</compatibility>
         <compatibility>9.1</compatibility>
      </version>
      <version>
         <num>0.85+1.0-RC4</num>
         <compatibility>0.85</compatibility>
      </version>
      <version>
         <num>0.90+1.1</num>
         <compatibility>0.85</compatibility>
         <compatibility>0.90</compatibility>
      </version>
      <version>
         <num>0.90+1.0</num>
         <compatibility>0.85</compatibility>
         <compatibility>0.90</compatibility>
      </version>
      <version>
         <num>0.84+2.3.3</num>
         <compatibility>0.84</compatibility>
      </version>
      <version>
         <num>0.84+2.3.2</num>
         <compatibility>0.84</compatibility>
      </version>
      <version>
         <num>0.84+2.3.1</num>
         <compatibility>0.84</compatibility>
      </version>
   </versions>
   <langs>
      <lang>cs_CZ</lang>
      <lang>de_DE</lang>
      <lang>en_GB</lang>
      <lang>en_US</lang>
      <lang>es_CO</lang>
      <lang>es_ES</lang>
      <lang>fi_FI</lang>
      <lang>fr_FR</lang>
      <lang>ko_KR</lang>
      <lang>lv_LV</lang>
      <lang>pl_PL</lang>
      <lang>pt_BR</lang>
      <lang>pt_PT</lang>
      <lang>ru_RU</lang>
      <lang>tr_TR</lang>
   </langs>
   <license>GPL v2+</license>
   <tags>
      <cs>
         <tag>hlášení</tag>
         <tag>výkazy</tag>
      </cs>
      <en>
         <tag>Reporting</tag>
         <tag>Reports</tag>
      </en>
      <fr>
         <tag>Graphiques</tag>
      </fr>
   </tags>
   <screenshots>
      <screenshot>https://raw.githubusercontent.com/pluginsGLPI/mreporting/main/screenshots/dashboard.png</screenshot>
      <screenshot>https://raw.githubusercontent.com/pluginsGLPI/mreporting/main/screenshots/mreporting_area.png</screenshot>
      <screenshot>https://raw.githubusercontent.com/pluginsGLPI/mreporting/main/screenshots/mreporting_garea.png</screenshot>
      <screenshot>https://raw.githubusercontent.com/pluginsGLPI/mreporting/main/screenshots/mreporting_gline.png</screenshot>
      <screenshot>https://raw.githubusercontent.com/pluginsGLPI/mreporting/main/screenshots/mreporting_hbar.png</screenshot>
      <screenshot>https://raw.githubusercontent.com/pluginsGLPI/mreporting/main/screenshots/mreporting_hgbar.png</screenshot>
      <screenshot>https://raw.githubusercontent.com/pluginsGLPI/mreporting/main/screenshots/mreporting_line.png</screenshot>
      <screenshot>https://raw.githubusercontent.com/pluginsGLPI/mreporting/main/screenshots/mreporting_pie.png</screenshot>
   </screenshots>
</root>
