<?xml version="1.0" encoding="UTF-8"?>
<root>
    <name>Tasks List (Kanban)</name>
    <key>tasklists</key>
    <state>stable</state>
    <logo>https://raw.githubusercontent.com/InfotelGLPI/tasklists/master/tasklists.png</logo>
    <description>
        <short>
            <fr><![CDATA[Ajout d'une gestion de tâches & kanban. Ce plugin permet d'ajouter dans GLPI, une interface pour saisir des tâches simples et de les gérer dans un kanban.]]></fr>
            <en><![CDATA[Adding a management of tasks & kanban. This plugin adds in GLPI, an interface to input simple tasks & manage them in a kanban.]]></en>
            <cs><![CDATA[Přidání správy jednoduchých úkolů. Tento zásuvný modul do GLPI přidá rozhraní pro zadávání jednoduchých úkolů.]]></cs>
        </short>
        <long>
            <fr><![CDATA[Ce plugin permet d'ajouter dans GLPI, une interface pour saisir des tâches simples et de les gérer dans un kanban.<br />- Ajout de commentaires sur les tâches.<br />- Lien avec les tickets.<br />- Utilisation de gabarits<br />- Gestion des tâches archivées.<br />- Ajout de notes possibles sur les tâches.<br />- Peut être utilisé avec le collecteur de mail pour créer des tâches.<br />- Peut être utilisé avec le plugin mydashboard d'Infotel.]]></fr>
            <en><![CDATA[This plugin adds in GLPI, an interface to input simple tasks & manage them in a kanban.<br />- Can add comments on tasks.<br />- Link with tickets.<br />- Can use templates.<br />- Manage archived tasks.<br />- Can add notes on tasks.<br />- Can be used with mail collector to create tasks.<br />- Can be used with mydashboard plugin of Infotel]]></en>
            <cs><![CDATA[Tento zásuvný modul do GLPI přidá rozhraní pro zadávání jednoduchých úkolů.<br />- K úkolům je možné přidávat poznámky.<br />- Je možné použít s přivaděčem e-mailů a vytvářet úkoly skrze něj.<br />- Je možné použít se zásuvným modulem Moje nástěnka]]></cs>
        </long>
    </description>
    <homepage>https://github.com/InfotelGLPI/tasklists</homepage>
    <download>https://github.com/InfotelGLPI/tasklists/releases</download>
    <issues>https://github.com/InfotelGLPI/tasklists/issues</issues>
    <readme>https://github.com/InfotelGLPI/tasklists/wiki</readme>
    <authors>
        <author>Xavier Caillaud</author>
        <author>Infotel</author>
    </authors>
    <versions>
        <version>
            <num>2.0.3</num>
            <compatibility>~10.0</compatibility>
            <download_url>https://github.com/InfotelGLPI/tasklists/releases/download/2.0.3/glpi-tasklists-2.0.3.tar.bz2</download_url>
        </version>
        <version>
            <num>2.0.2</num>
            <compatibility>~10.0</compatibility>
            <download_url>https://github.com/InfotelGLPI/tasklists/releases/download/2.0.2/glpi-tasklists-2.0.2.tar.bz2</download_url>
        </version>
        <version>
            <num>2.0.1</num>
            <compatibility>~10.0</compatibility>
            <download_url>https://github.com/InfotelGLPI/tasklists/releases/download/2.0.1/glpi-tasklists-2.0.1.tar.bz2</download_url>
        </version>
        <version>
            <num>2.0.0</num>
            <compatibility>~10.0</compatibility>
            <download_url>https://github.com/InfotelGLPI/tasklists/releases/download/2.0.0/glpi-tasklists-2.0.0.tar.bz2</download_url>
        </version>
        <version>
            <num>2.0.0-rc2</num>
            <compatibility>~10.0</compatibility>
            <download_url>https://github.com/InfotelGLPI/tasklists/releases/download/2.0.0-rc2/glpi-tasklists-2.0.0-rc2.tar.bz2</download_url>
        </version>
        <version>
           <num>2.0.0-rc1</num>
           <compatibility>~10.0</compatibility>
           <download_url>https://github.com/InfotelGLPI/tasklists/releases/download/2.0.0-rc1/glpi-tasklists-2.0.0-rc1.tar.bz2</download_url>
       </version>
        <version>
            <num>1.6.2</num>
            <compatibility>9.5</compatibility>
        </version>
        <version>
            <num>1.6.1</num>
            <compatibility>~9.5</compatibility>
        </version>
        <version>
            <num>1.6.0</num>
            <compatibility>~9.5</compatibility>
            <!--<download_url>https://github.com/InfotelGLPI/tasklists/releases/download/1.6.0/glpi-tasklists-1.6.0.tar.gz</download_url>-->
        </version>
        <version>
            <num>1.5.1</num>
            <compatibility>9.4</compatibility>
        </version>
        <version>
            <num>1.5.0</num>
            <compatibility>9.4</compatibility>
        </version>
        <version>
            <num>1.4.2</num>
            <compatibility>9.3</compatibility>
        </version>
        <version>
            <num>1.4.1</num>
            <compatibility>9.3</compatibility>
        </version>
        <version>
            <num>1.4.0</num>
            <compatibility>9.3</compatibility>
        </version>
        <version>
            <num>1.3.1</num>
            <compatibility>9.3</compatibility>
        </version>
        <version>
            <num>1.3.0</num>
            <compatibility>9.3</compatibility>
        </version>
        <version>
            <num>1.2.0</num>
            <compatibility>9.2</compatibility>
        </version>
        <version>
            <num>1.1.0</num>
            <compatibility>9.1</compatibility>
        </version>
        <version>
            <num>1.0.0</num>
            <compatibility>0.90</compatibility>
        </version>
    </versions>
    <langs>
        <lang>fr_FR</lang>
        <lang>en_GB</lang>
        <lang>cs_CZ</lang>
        <lang>fi_FI</lang>
    </langs>
    <license><![CDATA[GPL v2+]]></license>
    <tags>
        <fr>
            <tag>Taches</tag>
            <tag>Kanban</tag>
        </fr>
        <en>
            <tag>Tasks</tag>
            <tag>Kanban</tag>
        </en>
        <cs>
            <tag>Úkoly</tag>
        </cs>
    </tags>
    <screenshots>
        <screenshot>https://raw.githubusercontent.com/InfotelGLPI/tasklists/master/screenshots/kanban.png</screenshot>
        <screenshot>https://raw.githubusercontent.com/InfotelGLPI/tasklists/master/screenshots/addTask.png</screenshot>
        <screenshot> https://raw.githubusercontent.com/InfotelGLPI/tasklists/master/screenshots/Tasks%20list%20from%20Dashboard.png</screenshot>
    </screenshots>
</root>
