<?xml version="1.0" encoding="UTF-8"?>
<root>
   <name>PDF</name>
   <key>pdf</key>
   <state>stable</state>
   <logo>https://raw.githubusercontent.com/yllen/pdf/master/pdf.png</logo>
   <description>
      <short>
         <fr><![CDATA[Ce plugin vous permet d’exporter en PDF la fiche d'un élément de 
	l'inventaire.
	]]></fr>
         <en><![CDATA[This plugin allow you to select and export informations of an 
	equipment to PDF file.
	]]></en>
      </short>
      <long>
         <fr><![CDATA[Ce plugin vous permet d’exporter en pdf la fiche d'un élément de 
	l'inventaire.
	<br />- types d'équipement de GLPI
        <br />- types d'équipement de certains plugins
        <br />- données additionnelles de certains plugins
    	<br />- un seul ou plusieurs objet(s) dans un fichier
	]]></fr>
         <en><![CDATA[This plugin allow you to select and export informations of an 
	equipment to PDF file.
    	<br />- equipment types from GLPI
    	<br />- equipment types from some plugins
    	<br />- additional data from some plugins
    	<br />- one or many object(s) in a file
	]]></en>
       </long>
   </description>
   <homepage>https://github.com/yllen/pdf</homepage>
   <download>https://github.com/yllen/pdf/releases</download>
   <authors>
      <author>Remi COLLET</author>
      <author>Nelly MAHU-LASSON</author>
   </authors>
   <versions>
	<version>
          <num>3.0.0</num>
          <compatibility>~10.0.3</compatibility>
          <download_url>https://github.com/yllen/pdf/releases/download/v3.0.0/glpi-pdf-3.0.0.tar.gz</download_url>
   	</version>
       <version>
          <num>2.1.0</num>
          <compatibility>10.0.0</compatibility>
          <download_url>https://github.com/yllen/pdf/releases/download/v2.1.0/glpi-pdf-2.1.0.tar.gz</download_url>
   	</version>
      <version>
          <num>2.0.0</num>
          <compatibility>9.5.4</compatibility>
      </version>
      <version>
          <num>1.7.0</num>
          <compatibility>9.5</compatibility>
      </version>
      <version>
          <num>1.6.1</num>
          <compatibility>9.4</compatibility>
      </version>
      <version>
          <num>1.6.0</num>
          <compatibility>9.4</compatibility>
      </version>
      <version>
          <num>1.5.0</num>
          <compatibility>9.3</compatibility>
      </version>
      <version>
          <num>1.4.0</num>
          <compatibility>9.3</compatibility>
      </version>
      <version>
          <num>1.3.1.1</num>
          <compatibility>9.2</compatibility>
      </version>
      <version>
          <num>1.3</num>
          <compatibility>9.2</compatibility>
      </version>
      <version>
          <num>1.2</num>
          <compatibility>0.85.3</compatibility>
          <compatibility>0.90.x</compatibility>
          <compatibility>9.1.x</compatibility>
      </version>
      <version>
          <num>1.1</num>
          <compatibility>0.85.3</compatibility>
          <compatibility>0.90.x</compatibility>
          <compatibility>9.1.x</compatibility>
      </version>
      <version>
          <num>1.0.3</num>
          <compatibility>0.85.3</compatibility>
          <compatibility>0.90.x</compatibility>
      </version>
      <version>
          <num>1.0.2</num>
          <compatibility>0.85.3</compatibility>
          <compatibility>0.90.x</compatibility>
      </version>
      <version>
          <num>1.0.1</num>
          <compatibility>0.85.3</compatibility>
          <compatibility>0.90.x</compatibility>
      </version>
      <version>
          <num>1.0</num>
          <compatibility>0.85.3</compatibility>
          <compatibility>0.90.x</compatibility>
      </version>
      <version>
          <num>0.85</num>
          <compatibility>0.85</compatibility>
	  <compatibility>0.85.1</compatibility>
	  <compatibility>0.85.2</compatibility>
      </version>
      <version>
          <num>0.84</num>
          <compatibility>0.84</compatibility>
      </version>
      <version>
          <num>0.83.3</num>
          <compatibility>0.83.3</compatibility>
      </version>
      <version>
          <num>0.83</num>
          <compatibility>0.83</compatibility>
      </version>
      <version>
          <num>0.80.3</num>
          <compatibility>0.80.3</compatibility>
      </version>
      <version>
          <num>0.80</num>
          <compatibility>0.80</compatibility>
      </version>
      <version>
          <num>0.7.2</num>
          <compatibility>0.78</compatibility>
      </version>
      <version>
          <num>0.7.1</num>
          <compatibility>0.78</compatibility>
      </version>
      <version>
          <num>0.7.0</num>
          <compatibility>0.78</compatibility>
      </version>
      <version>
          <num>0.6.1</num>
          <compatibility>0.72</compatibility>
      </version>
      <version>
           <num>0.6.0</num>
          <compatibility>0.72</compatibility>
      </version>
      <version>
          <num>0.5</num>
          <compatibility>0.71</compatibility>
      </version>
      <version>
          <num>0.4</num>
          <compatibility>0.70</compatibility>
      </version>
     </versions>
   <langs>
      <lang>cs_CZ</lang>
      <lang>da_DK</lang>
      <lang>de_DE</lang>
      <lang>en_GB</lang>
      <lang>es_AR</lang>
      <lang>es_ES</lang>
      <lang>fi_FI</lang>
      <lang>fr_FR</lang>
      <lang>hr_HR</lang>
      <lang>hu_HU</lang>
      <lang>it_IT</lang>
      <lang>lv_LV</lang>
      <lang>nl_NL</lang>
      <lang>pl_PL</lang>
      <lang>pt_BR</lang>
      <lang>ru_RU</lang>
      <lang>tr_TR</lang>
    </langs>
   <license><![CDATA[AGPLv3]]></license>
      <tags>
         <fr>
            <tag>export</tag>
            <tag>rapports</tag>
            <tag>données</tag>
         </fr>
         <en>
            <tag>export</tag>
            <tag>reports</tag>
            <tag>data</tag>
         </en>
   </tags>
</root>
