<?xml version="1.0"?>
<root>
    <name>Split Timeline Action Buttons (STAB)</name>
    <key>stab</key>
    <state>stable</state>
    <logo>https://raw.githubusercontent.com/cconard96/glpi-stab-plugin/main/logo.png</logo>
    <description>
        <short>
            <en>Allows optionally setting the Ticket, Change or Problem status when creating a followup or task</en>
        </short>
        <long>
            <en><![CDATA[
Restores the functionality from before GLPI version 10.0 where you could add a followup or task and update the parent Ticket, Change, or Problem status in a single action.
        ]]></en>
        </long>
    </description>
    <homepage>https://github.com/cconard96/glpi-stab-plugin</homepage>
    <download>https://github.com/cconard96/glpi-stab-plugin/releases</download>
    <issues>https://github.com/cconard96/glpi-stab-plugin/issues</issues>
    <readme>https://github.com/cconard96/glpi-stab-plugin/blob/main/README.md</readme>
    <authors>
        <author>Curtis Conard</author>
    </authors>
    <versions>
        <version>
            <num>1.1.3</num>
            <compatibility>~10.0.0</compatibility>
            <download_url>https://github.com/cconard96/glpi-stab-plugin/releases/download/v1.1.3/glpi-stab-v1.1.3.tar.bz2</download_url>
        </version>
        <version>
            <num>1.1.2</num>
            <compatibility>~10.0.0</compatibility>
            <download_url>https://github.com/cconard96/glpi-stab-plugin/releases/download/v1.1.2/glpi-stab-v1.1.2.tar.bz2</download_url>
        </version>
        <version>
            <num>1.1.0</num>
            <compatibility>~10.0.0</compatibility>
            <download_url>https://github.com/cconard96/glpi-stab-plugin/releases/download/v1.1.0/glpi-stab-v1.1.0.tar.bz2</download_url>
        </version>
        <version>
            <num>1.0.2</num>
            <compatibility>~10.0.0</compatibility>
            <download_url>https://github.com/cconard96/glpi-stab-plugin/releases/download/v1.0.2/glpi-stab-v1.0.2.tar.bz2</download_url>
        </version>
        <version>
            <num>1.0.1</num>
            <compatibility>~10.0.0</compatibility>
            <download_url>https://github.com/cconard96/glpi-stab-plugin/releases/download/v1.0.1/glpi-stab-v1.0.1.tar.bz2</download_url>
        </version>
        <version>
            <num>1.0.0</num>
            <compatibility>~10.0.0</compatibility>
            <download_url>https://github.com/cconard96/glpi-stab-plugin/releases/download/v1.0.0/glpi-stab-v1.0.0.tar.bz2</download_url>
        </version>
    </versions>
    <langs>
        <lang>ar_SA</lang>
        <lang>be_BY</lang>
        <lang>bg_BG</lang>
        <lang>ca_ES</lang>
        <lang>cs_CZ</lang>
        <lang>da_DK</lang>
        <lang>de_DE</lang>
        <lang>el_GR</lang>
        <lang>el_GR</lang>
        <lang>en_US</lang>
        <lang>es_419</lang>
        <lang>es_AR</lang>
        <lang>es_CL</lang>
        <lang>es_CO</lang>
        <lang>es_ES</lang>
        <lang>es_MX</lang>
        <lang>es_VE</lang>
        <lang>et_EE</lang>
        <lang>eu_ES</lang>
        <lang>fa_IR</lang>
        <lang>fi_FI</lang>
        <lang>fr_BE</lang>
        <lang>fr_CA</lang>
        <lang>fr_FR</lang>
        <lang>gl_ES</lang>
        <lang>he_IL</lang>
        <lang>hi_IN</lang>
        <lang>hr_HR</lang>
        <lang>hu_HU</lang>
        <lang>id_ID</lang>
        <lang>is_IS</lang>
        <lang>it_IT</lang>
        <lang>ja_JP</lang>
        <lang>kn</lang>
        <lang>ko_KR</lang>
        <lang>lt_LT</lang>
        <lang>lv_LV</lang>
        <lang>mn_MN</lang>
        <lang>ms_MY</lang>
        <lang>nb_NO</lang>
        <lang>nl_BE</lang>
        <lang>nl_NL</lang>
        <lang>nn_NO</lang>
        <lang>pl_PL</lang>
        <lang>pt_BR</lang>
        <lang>pt_PT</lang>
        <lang>ro_RO</lang>
        <lang>ru_RU</lang>
        <lang>sk_SK</lang>
        <lang>sl_SI</lang>
        <lang>sr_RS</lang>
        <lang>sv_SE</lang>
        <lang>th_TH</lang>
        <lang>tr_TR</lang>
        <lang>uk_UA</lang>
        <lang>vi_VN</lang>
        <lang>zh_CN</lang>
        <lang>zh_HK</lang>
        <lang>zh_TW</lang>
    </langs>
    <license>GPLv2+</license>
    <tags>
        <en>
            <tag>Ticket</tag>
            <tag>Helpdesk</tag>
            <tag>UX</tag>
        </en>
    </tags>
    <screenshots>
        <screenshot>https://raw.githubusercontent.com/cconard96/glpi-stab-plugin/main/screenshot.png</screenshot>
    </screenshots>
</root>
