<?xml version="1.0" encoding="UTF-8"?>
<root>
   <name>Behaviors</name>
   <key>behaviors</key>
   <state>stable</state>
   <logo>https://raw.githubusercontent.com/yllen/behaviors/master/behaviors.png</logo>
   <description>
      <short>
         <fr><![CDATA[Cette extension permet d'ajouter des comportements optionnels à GLPI.]]></fr>
         <en><![CDATA[This plugin allows you to add optional behaviors to GLPI.]]></en>
      </short>
      <long>
         <fr><![CDATA[Cette extension permet d'ajouter des comportements optionnels à GLPI.
        <br />- champs obligatoires
        <br />- groupe du demandeur
        <br />- format des numéros de tickets
        <br />- nouveaux évènements dans les notifications
   ]]></fr>
         <en><![CDATA[This plugin allows you to add optional behaviors to GLPI.
      <br />- mandatory fields
      <br />- requester's group
      <br />- ticket's number format
      <br />- new events in notifications 
   ]]></en>
       </long>
   </description>
   <homepage>https://github.com/yllen/behaviors</homepage>
   <download>https://github.com/yllen/behaviors/releases</download>
   <authors>
      <author>Remi Collet</author>
      <author>Nelly Mahu-Lasson</author>
   </authors>
   <versions>
       <version>
          <num>2.7.3</num>
          <compatibility>~10.0.5</compatibility>
          <download_url>https://github.com/yllen/behaviors/releases/download/v2.7.3/glpi-behaviors-2.7.3.tar.gz</download_url>
       </version>
       <version>
          <num>2.7.2</num>
          <compatibility>~10.0.3</compatibility>
          <download_url>https://github.com/yllen/behaviors/releases/download/v2.7.2/glpi-behaviors-2.7.2.tar.gz</download_url>
       </version>
   <version>
          <num>2.7.1</num>
          <compatibility>10.0.0</compatibility>
          <download_url>https://github.com/yllen/behaviors/releases/download/v2.7.1/glpi-behaviors-2.7.1.tar.gz</download_url>
   </version>
   <version>
          <num>2.7.0</num>
          <compatibility>10.0.0</compatibility>
          <download_url>https://github.com/yllen/behaviors/releases/download/v2.7.0/glpi-behaviors-2.7.0.tar.gz</download_url>
   </version>
      <version>
          <num>2.6.0</num>
          <compatibility>9.5.4</compatibility>
      </version>
   <version>
          <num>2.5.0</num>
          <compatibility>9.5.4</compatibility>
      </version>
      <version>
          <num>2.4.2</num>
          <compatibility>9.5.4</compatibility>
      </version>
      <version>
          <num>2.4.1</num>
          <compatibility>9.5.0</compatibility>
          <compatibility>9.5.1</compatibility>
          <compatibility>9.5.2</compatibility>
          <compatibility>9.5.3</compatibility>
      </version>
      <version>
          <num>2.4.0</num>
          <compatibility>9.5.0</compatibility>
          <compatibility>9.5.1</compatibility>
      </version>
      <version>
          <num>2.3.2</num>
          <compatibility>9.5.x</compatibility>
      </version>
      <version>
          <num>2.3.1</num>
          <compatibility>9.4.x</compatibility>
      </version>
      <version>
          <num>2.3.0</num>
          <compatibility>9.4.x</compatibility>
      </version>
      <version>
          <num>2.2.2</num>
          <compatibility>9.4.x</compatibility>
      </version>
      <version>
          <num>2.2.1</num>
          <compatibility>9.4.x</compatibility>
      </version>
      <version>
          <num>2.2.0</num>
          <compatibility>9.4.x</compatibility>
      </version>
      <version>
          <num>2.1.4</num>
          <compatibility>9.3.x</compatibility>
      </version>
      <version>
          <num>2.1.3</num>
          <compatibility>9.3.x</compatibility>
      </version>
      <version>
          <num>2.1.2</num>
          <compatibility>9.3.x</compatibility>
      </version>
      <version>
          <num>2.1.1</num>
          <compatibility>9.3.x</compatibility>
      </version>
      <version>
          <num>2.1.0</num>
          <compatibility>9.3.x</compatibility>
      </version>
      <version>
          <num>2.0.2</num>
          <compatibility>9.2.x</compatibility>
      </version>
      <version> 
          <num>2.0.1</num>
          <compatibility>9.2.x</compatibility>
      </version>
      <version>
          <num>2.0.0</num>
          <compatibility>9.2.0</compatibility>
      </version>
      <version> 
          <num>1.6.1</num>
          <compatibility>9.1.5</compatibility>
      </version>
      <version>
          <num>1.6.0</num>
          <compatibility>9.1.5</compatibility>
      </version>
      <version>
          <num>1.5.2</num>
          <compatibility>9.2.0</compatibility>
          <compatibility>9.1.5</compatibility>
      </version>
      <version>
          <num>1.5.1</num>
          <compatibility>9.2.0</compatibility>
          <compatibility>9.1.5</compatibility>
      </version>
      <version>
          <num>1.5.0</num>
          <compatibility>9.1.5</compatibility>
      </version>
      <version>
          <num>1.4</num>
          <compatibility>9.1.x</compatibility>
      </version>
      <version>
          <num>1.3</num>
          <compatibility>9.1.x</compatibility>
      </version>
      <version>
          <num>1.2</num>
          <compatibility>9.1</compatibility>
      </version>
      <version>
          <num>1.1</num>
          <compatibility>0.90</compatibility>
      </version>
      <version>
          <num>1.0</num>
          <compatibility>0.85</compatibility>
          <compatibility>0.90</compatibility>
      </version>
      <version>
          <num>0.90</num>
          <compatibility>0.85</compatibility>
	  <compatibility>0.90</compatibility>
      </version>
      <version>
          <num>0.85</num>
          <compatibility>0.85</compatibility>
      </version>
     <version>
          <num>0.84.3</num>
          <compatibility>0.84</compatibility>
      </version>
     <version>
          <num>0.84.2</num>
          <compatibility>0.84</compatibility>
      </version>
     <version>
          <num>0.84.1</num>
          <compatibility>0.84</compatibility>
      </version>
      <version>
          <num>0.84</num>
          <compatibility>0.84</compatibility>
      </version>
      <version>
          <num>0.83.4</num>
          <compatibility>0.83.4</compatibility>
      </version>
      <version>
          <num>0.83.3</num>
          <compatibility>0.83.3</compatibility>
      </version>
      <version>
          <num>0.83.0</num>
          <compatibility>0.83</compatibility>
      </version>
      <version>
          <num>0.80.6</num>
          <compatibility>0.80.6</compatibility>
      </version>
      <version>
          <num>0.80.3</num>
          <compatibility>0.80.3</compatibility>
      </version>
      <version>
          <num>0.80.0</num>
          <compatibility>0.80.0</compatibility>
      </version>
      <version>
          <num>0.78.0</num>
          <compatibility>0.78.3</compatibility>
      </version>
      <version>
          <num>0.1.4</num>
          <compatibility>0.78.3</compatibility>
      </version>
     </versions>
   <langs>
      <lang>cs_CZ</lang>
      <lang>de_DE</lang>
      <lang>en_GB</lang>
      <lang>es_AR</lang>
      <lang>es_ES</lang>
      <lang>fi_FI</lang>
      <lang>fr_FR</lang>
      <lang>hu_HU</lang>
      <lang>it_IT</lang>
      <lang>lv_LV</lang>
      <lang>nl_NL</lang>
      <lang>pt_BR</lang>
      <lang>ro_RO</lang>
      <lang>ru_RU</lang>
      <lang>tr_TR</lang>
    </langs>
   <license><![CDATA[AGPL v3+]]></license>
      <tags>
         <fr>
            <tag>helpdesk</tag>
            <tag>inventaire</tag>
         </fr>
         <en>
            <tag>helpdesk</tag>
            <tag>inventory</tag>
         </en>
   </tags>
</root>
