<?xml version="1.0" encoding="UTF-8"?>
<root>
   <name>Generic Objects Management</name>
   <key>genericobject</key>
   <state>stable</state>
   <logo>https://raw.githubusercontent.com/pluginsGLPI/genericobject/main/genericobject.png</logo>
   <description>
      <short>
         <fr><![CDATA[Faites l'inventaire de nouveaux types d'objets]]></fr>
         <en><![CDATA[Do the inventory of new, non-native object types]]></en>
	 <cs><![CDATA[Inventarizace nových, nenativních typů objektů]]></cs>
      </short>
      <long>
	 <fr><![CDATA[Ce plugin vous permet de faire l'inventaire de nouveaux types d'objets génériques, sans avoir à programmer. Generic Objects vous permet de créer ces nouveaux types, les champs disponibles pour ces types. Il est intégré à GLPi dans ses fonctionnalités mère (Helpdesk, réservation, gabarits, etc.). Generic Objects est compatible avec le plugin File Injection permettant l'injection des données.]]></fr>
         <en><![CDATA[This plugin allows you to do the inventory of new item types without having to code, it allows you to create those new item types, it allows type creation, manages available fields. Has full integration with the software (Helpdesk, loans, templates, etc.) It has support and connectivity for and with the File Injection plugin]]></en>
	 <cs><![CDATA[Tento zásuvný modul umožňuje inventarizovat nové typy položek, aniž by bylo třeba programovat. Umožňuje vytvářet tyto nové typy položek, typů a spravovat kolonky, které budou k dispozici. Je plně začleněný do software (Služba podpory, zápůjčky, šablony, atd.) Má podporu a propojení pro a se zásuvným modulem Vkládání dat ze souboru]]></cs>
      </long>
   </description>
   <homepage>https://github.com/pluginsGLPI/genericobject</homepage>
   <download>https://github.com/pluginsGLPI/genericobject/releases</download>
   <issues>https://github.com/pluginsGLPI/genericobject/issues</issues>
   <readme>https://glpi-plugins.readthedocs.io/en/latest/genericobject/index.html</readme>
   <authors>
      <author>Walid Nouh</author>
   </authors>
   <versions>
      <version>
         <num>2.14.9</num>
         <compatibility>~10.0.0</compatibility>
         <download_url>https://github.com/pluginsGLPI/genericobject/releases/download/2.14.9/glpi-genericobject-2.14.9.tar.bz2</download_url>
      </version>
      <version>
         <num>2.14.8</num>
         <compatibility>~10.0.0</compatibility>
         <download_url>https://github.com/pluginsGLPI/genericobject/releases/download/2.14.8/glpi-genericobject-2.14.8.tar.bz2</download_url>
      </version>
      <version>
         <num>2.14.7</num>
         <compatibility>~10.0.0</compatibility>
         <download_url>https://github.com/pluginsGLPI/genericobject/releases/download/2.14.7/glpi-genericobject-2.14.7.tar.bz2</download_url>
      </version>
      <version>
         <num>2.14.6</num>
         <compatibility>~10.0.0</compatibility>
         <download_url>https://github.com/pluginsGLPI/genericobject/releases/download/2.14.6/glpi-genericobject-2.14.6.tar.bz2</download_url>
      </version>
      <version>
         <num>2.14.5</num>
         <compatibility>~10.0.0</compatibility>
         <download_url>https://github.com/pluginsGLPI/genericobject/releases/download/2.14.5/glpi-genericobject-2.14.5.tar.bz2</download_url>
      </version>
      <version>
         <num>2.14.4</num>
         <compatibility>~10.0.0</compatibility>
         <download_url>https://github.com/pluginsGLPI/genericobject/releases/download/2.14.4/glpi-genericobject-2.14.4.tar.bz2</download_url>
      </version>
      <version>
         <num>2.14.3</num>
         <compatibility>~10.0.0</compatibility>
         <download_url>https://github.com/pluginsGLPI/genericobject/releases/download/2.14.3/glpi-genericobject-2.14.3.tar.bz2</download_url>
      </version>
      <version>
         <num>2.14.2</num>
         <compatibility>~10.0.0</compatibility>
         <download_url>https://github.com/pluginsGLPI/genericobject/releases/download/2.14.2/glpi-genericobject-2.14.2.tar.bz2</download_url>
      </version>
      <version>
         <num>2.14.1</num>
         <compatibility>~10.0.0</compatibility>
         <download_url>https://github.com/pluginsGLPI/genericobject/releases/download/2.14.1/glpi-genericobject-2.14.1.tar.bz2</download_url>
      </version>
      <version>
         <num>2.14.0</num>
         <compatibility>~10.0.0</compatibility>
         <download_url>https://github.com/pluginsGLPI/genericobject/releases/download/2.14.0/glpi-genericobject-2.14.0.tar.bz2</download_url>
      </version>
      <version>
         <num>2.13.0</num>
         <compatibility>~10.0.0</compatibility>
         <download_url>https://github.com/pluginsGLPI/genericobject/releases/download/2.13.0/glpi-genericobject-2.13.0.tar.bz2</download_url>
      </version>
      <version>
         <num>2.12.1</num>
         <compatibility>~10.0.0</compatibility>
         <download_url>https://github.com/pluginsGLPI/genericobject/releases/download/2.12.1/glpi-genericobject-2.12.1.tar.bz2</download_url>
      </version>
      <version>
         <num>2.12.0</num>
         <compatibility>~10.0.0</compatibility>
         <download_url>https://github.com/pluginsGLPI/genericobject/releases/download/2.12.0/glpi-genericobject-2.12.0.tar.bz2</download_url>
      </version>
      <version>
         <num>2.11.1</num>
         <compatibility>~9.5.0</compatibility>
         <download_url>https://github.com/pluginsGLPI/genericobject/releases/download/2.11.1/glpi-genericobject-2.11.1.tar.bz2</download_url>
      </version>
      <version>
         <num>2.11.0</num>
         <compatibility>~9.5.0</compatibility>
         <download_url>https://github.com/pluginsGLPI/genericobject/releases/download/2.11.0/glpi-genericobject-2.11.0.tar.bz2</download_url>
      </version>
      <version>
         <num>2.10.1</num>
         <compatibility>~9.5.0</compatibility>
         <download_url>https://github.com/pluginsGLPI/genericobject/releases/download/2.10.1/glpi-genericobject-2.10.1.tar.bz2</download_url>
      </version>
      <version>
         <num>2.10.0</num>
         <compatibility>~9.5.0</compatibility>
         <download_url>https://github.com/pluginsGLPI/genericobject/releases/download/2.10.0/glpi-genericobject-2.10.0.tar.bz2</download_url>
      </version>
      <version>
         <num>2.9.2</num>
         <compatibility>~9.5.0</compatibility>
         <download_url>https://github.com/pluginsGLPI/genericobject/releases/download/2.9.2/glpi-genericobject-2.9.2.tar.bz2</download_url>
      </version>
      <version>
         <num>2.9.1</num>
         <compatibility>~9.5.0</compatibility>
         <download_url>https://github.com/pluginsGLPI/genericobject/releases/download/2.9.1/glpi-genericobject-2.9.1.tar.bz2</download_url>
      </version>
      <version>
         <num>2.9.0</num>
         <compatibility>~9.5.0</compatibility>
         <download_url>https://github.com/pluginsGLPI/genericobject/releases/download/2.9.0/glpi-genericobject-2.9.0.tar.bz2</download_url>
      </version>
      <version>
         <num>2.8.0</num>
         <compatibility>~9.4.0</compatibility>
         <download_url>https://github.com/pluginsGLPI/genericobject/releases/download/2.8.0/glpi-genericobject-2.8.0.tar.bz2</download_url>
      </version>
      <version>
         <num>2.7.0</num>
         <compatibility>~9.4.0</compatibility>
         <download_url>https://github.com/pluginsGLPI/genericobject/releases/download/2.7.0/glpi-genericobject-2.7.0.tar.bz2</download_url>
      </version>
      <version>
         <num>2.6.2</num>
         <compatibility>9.3</compatibility>
      </version>
      <version>
         <num>2.6.1</num>
         <compatibility>9.3</compatibility>
      </version>
      <version>
         <num>2.6.0</num>
         <compatibility>9.3</compatibility>
      </version>
      <version>
         <num>2.5.2</num>
         <compatibility>9.2</compatibility>
      </version>
      <version>
         <num>2.5.1</num>
         <compatibility>9.2</compatibility>
      </version>
      <version>
         <num>2.5.0</num>
         <compatibility>9.2</compatibility>
      </version>
      <version>
          <num>2.4.0</num>
          <compatibility>0.85</compatibility>
          <compatibility>0.90</compatibility>
          <compatibility>9.1</compatibility>
      </version>
      <version>
          <num>0.85-1.1</num>
          <compatibility>0.85</compatibility>
          <compatibility>0.90</compatibility>
          <compatibility>9.1</compatibility>
      </version>
    <version>
          <num>0.85-1.0</num>
          <compatibility>0.85</compatibility>
          <compatibility>0.90</compatibility>
      </version>
    <version>
          <num>2.3.2</num>
          <compatibility>0.84</compatibility>
      </version>
    <version>
          <num>2.3.1</num>
          <compatibility>0.84</compatibility>
      </version>
    <version>
          <num>2.3.0</num>
          <compatibility>0.84</compatibility>
      </version>
     <version>
          <num>2.1.3</num>
          <compatibility>0.83</compatibility>
      </version>
     <version>
          <num>2.1.2</num>
          <compatibility>0.83</compatibility>
      </version>
     <version>
          <num>2.1.1</num>
          <compatibility>0.83</compatibility>
      </version>
     <version>
          <num>2.1.0</num>
          <compatibility>0.83</compatibility>
      </version>
     <version>
          <num>2.0.2</num>
          <compatibility>0.80</compatibility>
      </version>
     <version>
          <num>2.0.1</num>
          <compatibility>0.80</compatibility>
      </version>
     <version>
          <num>2.0.0</num>
          <compatibility>0.80</compatibility>
      </version>
     <version>
          <num>1.1.2</num>
          <compatibility>0.72</compatibility>
      </version>
     <version>
          <num>1.1.1</num>
          <compatibility>0.72</compatibility>
      </version>
      <version>
          <num>1.0.0</num>
          <compatibility>0.72</compatibility>
      </version>
   </versions>
   <langs>
      <lang>cs_CZ</lang>
      <lang>fr_FR</lang>
      <lang>en_GB</lang>
      <lang>es_AR</lang>
   </langs>
   <category></category>
   <tags>
         <fr>
            <tag>inventaire</tag>
            <tag>objets</tag>
            <tag>générique</tag>
            <tag>helpdesk</tag>
            <tag>réservations</tag>
         </fr>
         <en>
            <tag>inventory</tag>
            <tag>objects</tag>
            <tag>generic</tag>
            <tag>helpdesk</tag>
            <tag>loans</tag>
         </en>
	 <cs>
            <tag>inventář</tag>
            <tag>objekty</tag>
            <tag>obecné</tag>
            <tag>službapodpory</tag>
            <tag>zápůjčky</tag>
         </cs>
   </tags>
   <screenshots>
      <screenshot>https://raw.githubusercontent.com/pluginsGLPI/genericobject/main/genericobject.gif</screenshot>
   </screenshots>
   <license>GPL v2+</license>
</root>
