<?xml version="1.0" encoding="UTF-8"?>
<root>
   <name>Human Resources Management</name>
   <key>resources</key>
   <state>stable</state>
   <logo>https://raw.githubusercontent.com/InfotelGLPI/resources/master/resources.png</logo>
   <description>
      <short>
         <fr><![CDATA[Gestion de ressources humaines. Ce plugin vous permet de gérer les ressources humaines afin de gérer correctement l'attribution de matériel.<br />- Gestion des divers modes de fonctionnement (privé, public, SSII)<br />- Gestion de checklists / tâches<br />- Système de notifications<br />- Utilisable depuis le helpdesk]]></fr>
         <en><![CDATA[Resources management. This plugin allows you to manage human resources to properly manage the allocation of material.<br />- Management of various modes (private, public, SSII)<br />- Checklists / Tasks management<br />- Notifications system<br />- Can be used with helpdesk]]></en>
      </short>
      <long>
         <fr><![CDATA[Ce plugin vous permet de gérer les ressources humaines afin de gérer correctement l'attribution de matériel.<br />- Gestion des divers modes de fonctionnement (privé, public, SSII)<br />Fonctionnalités : <br />- Gestion de checklists<br />- Gestion de tâches<br />- Système de notifications<br />- Utilisable avec le plugin badges<br />- Utilisable depuis le helpdesk<br />- Utilisable avec le plugin PDF]]></fr>
         <en><![CDATA[This plugin allows you to manage human resources to properly manage the allocation of material.<br />- Management of various modes (private, public, SSII)<br />Features : <br />- Checklists management<br />- Tasks management<br />- Notifications system<br />- Can be used with helpdesk<br />- Can be used with badges plugin<br />- Can be used with PDF plugin]]></en>
      </long>
   </description>
   <homepage>https://github.com/InfotelGLPI/resources</homepage>
   <download>https://github.com/InfotelGLPI/resources/releases</download>
   <issues>https://github.com/InfotelGLPI/resources/issues</issues>
   <readme>https://raw.githubusercontent.com/InfotelGLPI/resources/master/README.md</readme>
   <authors>
      <author>Xavier Caillaud</author>
      <author>Infotel</author>
   </authors>
   <versions>
       <version>
           <num>3.0.6</num>
           <compatibility>~10.0</compatibility>
           <download_url>https://github.com/InfotelGLPI/resources/releases/download/3.0.6/glpi-resources-3.0.6.tar.bz2</download_url>
       </version>
       <version>
           <num>3.0.5</num>
           <compatibility>~10.0</compatibility>
           <download_url>https://github.com/InfotelGLPI/resources/releases/download/3.0.5/glpi-resources-3.0.5.tar.bz2</download_url>
       </version>
       <version>
           <num>3.0.4</num>
           <compatibility>~10.0</compatibility>
           <download_url>https://github.com/InfotelGLPI/resources/releases/download/3.0.4/glpi-resources-3.0.4.tar.bz2</download_url>
       </version>
       <version>
           <num>3.0.3</num>
           <compatibility>~10.0</compatibility>
           <download_url>https://github.com/InfotelGLPI/resources/releases/download/3.0.3/glpi-resources-3.0.3.tar.bz2</download_url>
       </version>
       <version>
           <num>3.0.2</num>
           <compatibility>~10.0</compatibility>
           <download_url>https://github.com/InfotelGLPI/resources/releases/download/3.0.2/glpi-resources-3.0.2.tar.bz2</download_url>
       </version>
       <version>
           <num>3.0.1</num>
           <compatibility>~10.0</compatibility>
           <download_url>https://github.com/InfotelGLPI/resources/releases/download/3.0.1/glpi-resources-3.0.1.tar.bz2</download_url>
       </version>
       <version>
           <num>3.0.0</num>
           <compatibility>~10.0</compatibility>
           <download_url>https://github.com/InfotelGLPI/resources/releases/download/3.0.0/glpi-resources-3.0.0.tar.bz2</download_url>
       </version>
       <version>
           <num>3.0.0-rc2</num>
           <compatibility>~10.0</compatibility>
           <download_url>https://github.com/InfotelGLPI/resources/releases/download/3.0.0-rc2/glpi-resources-3.0.0-rc2.tar.bz2</download_url>
       </version>
       <version>
           <num>3.0.0-rc1</num>
           <compatibility>~10.0</compatibility>
           <download_url>https://github.com/InfotelGLPI/resources/releases/download/3.0.0-rc1/glpi-resources-3.0.0-rc1.tar.bz2</download_url>
       </version>
       <version>
           <num>2.7.0</num>
           <compatibility>~9.5</compatibility>
           <!--<download_url>https://github.com/InfotelGLPI/resources/releases/download/2.7.0/glpi-resources-2.7.0.tar.gz</download_url>-->
       </version>
       <version>
           <num>2.6.1</num>
           <compatibility>9.4</compatibility>
       </version>
       <version>
           <num>2.5.1</num>
           <compatibility>9.3</compatibility>
       </version>
       <version>
           <num>2.5.0</num>
           <compatibility>9.3</compatibility>
       </version>
       <version>
           <num>2.4.3</num>
           <compatibility>9.2</compatibility>
       </version>
       <version>
           <num>2.4.2</num>
           <compatibility>9.2</compatibility>
       </version>
       <version>
           <num>2.4.1</num>
           <compatibility>9.2</compatibility>
       </version>
       <version>
           <num>2.4.0</num>
           <compatibility>9.2</compatibility>
       </version>
       <version>
           <num>2.3.3</num>
           <compatibility>9.1</compatibility>
       </version>
       <version>
           <num>2.3.2</num>
           <compatibility>9.1</compatibility>
       </version>
      <version>
          <num>2.3.1</num>
          <compatibility>9.1</compatibility>
      </version>
      <version>
          <num>2.3.0</num>
          <compatibility>9.1</compatibility>
      </version>
      <version>
          <num>2.2.1</num>
          <compatibility>0.90</compatibility>
      </version>
      <version>
          <num>2.2.0</num>
          <compatibility>0.90</compatibility>
      </version>
      <version>
          <num>2.0.2</num>
          <compatibility>0.84</compatibility>
      </version>
      <version>
          <num>2.0.1</num>
          <compatibility>0.84</compatibility>
      </version>
      <version>
          <num>2.0.0</num>
          <compatibility>0.84</compatibility>
      </version>
      <version>
          <num>1.9.1</num>
          <compatibility>0.83.3</compatibility>
      </version>
      <version>
          <num>1.9.0</num>
          <compatibility>0.83.3</compatibility>
      </version>
      <version>
          <num>1.8.3</num>
          <compatibility>0.83.3</compatibility>
      </version>
      <version>
          <num>1.8.2</num>
          <compatibility>0.83</compatibility>
      </version>
      <version>
          <num>1.8.1</num>
          <compatibility>0.83</compatibility>
      </version>
      <version>
          <num>1.8.0</num>
          <compatibility>0.83</compatibility>
      </version>
      <version>
          <num>1.7.1</num>
          <compatibility>0.80</compatibility>
      </version>
      <version>
          <num>1.7.0</num>
          <compatibility>0.80</compatibility>
      </version>
      <version>
          <num>1.6.2</num>
          <compatibility>0.78</compatibility>
      </version>
      <version>
          <num>1.6.1</num>
          <compatibility>0.78</compatibility>
      </version>
      <version>
          <num>1.6.0</num>
          <compatibility>0.78</compatibility>
      </version>
      <version>
          <num>1.5.4</num>
          <compatibility>0.72.1</compatibility>
      </version>
      <version>
          <num>1.5.3</num>
          <compatibility>0.72.1</compatibility>
      </version>
      <version>
          <num>1.5.2</num>
          <compatibility>0.72.1</compatibility>
      </version>
      <version>
          <num>1.5.1</num>
          <compatibility>0.72.1</compatibility>
      </version>
       <version>
          <num>1.5.0</num>
          <compatibility>0.72</compatibility>
      </version>
       <version>
          <num>1.4.1</num>
          <compatibility>0.71</compatibility>
      </version>
      <version>
          <num>1.4</num>
          <compatibility>0.71</compatibility>
      </version>
      <version>
          <num>1.3</num>
          <compatibility>0.70</compatibility>
      </version>
   </versions>
   <langs>
      <lang>fr_FR</lang>
      <lang>en_GB</lang>
      <lang>de_DE</lang>
      <lang>cs_CZ</lang>
      <lang>sv_SE</lang>
      <lang>es_ES</lang>
      <lang>es_AR</lang>
      <lang>pt_BR</lang>
      <lang>ro_RO</lang>
      <lang>ru_RU</lang>
      <lang>sv_SE</lang>
      <lang>tr_TR</lang>
	  <lang>id_ID</lang>
   </langs>
   <license><![CDATA[GPL v2+]]></license>
   <tags>
         <fr>
            <tag>Ressources</tag>
            <tag>Employés</tag>
            <tag>Calendrier</tag>
            <tag>Gestion</tag>
         </fr>
         <en>
            <tag>Resources</tag>
            <tag>Employees</tag>
            <tag>Calendar</tag>
            <tag>Management</tag>
         </en>
   </tags>
</root>
