<?xml version="1.0" encoding="UTF-8"?>
<root>
   <name>Timelineticket</name>
   <key>timelineticket</key>
   <state>stable</state>
    <logo>https://raw.githubusercontent.com/pluginsGLPI/timelineticket/master/timelineticket.png</logo>
   <description>
      <short>
         <fr><![CDATA[Ce plugin vous permet d'ajouter un onglet Chronologie sur les tickets]]></fr>
         <en><![CDATA[This plugin allows you to add a Timeline tab on tickets]]></en>
         <cs><![CDATA[Tento zásuvný modul umožňuje v požadavcích přidat kartu časové osy]]></cs>
      </short>
      <long>
         <fr><![CDATA[Ce plugin vous permet d'ajouter un onglet Chronologie sur les tickets
         > * Historisation et statistiques sur les différents statuts du tickets
> * Historisation et statistiques sur les différents techniciens du tickets
> * Historisation et statistiques sur les différents groupes de techniciens du tickets
> * Rapport sur les temps passés sur les tickets clos]]></fr>
         <en><![CDATA[This plugin allows you to add a Timeline tab on tickets
         > * History and statistics for differents status of the tickets
> * History and statistics for differents technicians of the tickets
> * History and statistics for differents technicians groups of the tickets
> * Report time spent on closed tickets ]]></en>
         <cs><![CDATA[Tento zásuvný modul umožňuje v požadavcích přidat kartu časové osy
         > * Historie a statistiky pro různé stavy požadavků
> * Historie a statistiky pro různé techniky požadavků
> * Historie a statistiky pro různé skupiny techniků požadavků
> * Výkaz času stráveného na uzavřených požadavcích ]]></cs>
      </long>
   </description>
   <homepage>https://github.com/pluginsGLPI/timelineticket</homepage>
   <download>https://github.com/pluginsGLPI/timelineticket/releases</download>
   <issues>https://github.com/pluginsGLPI/timelineticket/issues</issues>
   <readme>https://raw.githubusercontent.com/pluginsGLPI/timelineticket/master/README.md</readme>
   <authors>
      <author>David DURIEUX</author>
      <author>Xavier CAILLAUD</author>
   </authors>
   <versions>
       <version>
           <num>10.0+1.2</num>
           <compatibility>~10.0</compatibility>
           <download_url>https://github.com/pluginsGLPI/timelineticket/releases/download/10.0+1.2/glpi-timelineticket-10.0+1.2.tar.bz2</download_url>
       </version>
       <version>
           <num>10.0+1.1</num>
           <compatibility>~10.0</compatibility>
           <download_url>https://github.com/pluginsGLPI/timelineticket/releases/download/10.0+1.1/glpi-timelineticket-10.0+1.1.tar.bz2</download_url>
       </version>
       <version>
           <num>10.0+1.0</num>
           <compatibility>~10.0</compatibility>
           <download_url>https://github.com/pluginsGLPI/timelineticket/releases/download/10.0+1.0/glpi-timelineticket-10.0+1.0.tar.bz2</download_url>
       </version>
       <version>
           <num>10.0+1.0-rc1</num>
           <compatibility>~10.0</compatibility>
           <download_url>https://github.com/pluginsGLPI/timelineticket/releases/download/10.0+1.0-rc1/glpi-timelineticket-10.0+1.0-rc1.tar.bz2</download_url>
       </version>
       <version>
           <num>9.5+1.1</num>
           <compatibility>9.5</compatibility>
       </version>
       <version>
           <num>9.5+1.0</num>
           <compatibility>9.5</compatibility>
       </version>
       <version>
           <num>9.4+1.0</num>
           <compatibility>9.4</compatibility>
       </version>
       <version>
           <num>9.3+1.1</num>
           <compatibility>9.3</compatibility>
       </version>
       <version>
           <num>9.3+1.0</num>
           <compatibility>9.3</compatibility>
       </version>
       <version>
           <num>9.2+1.0</num>
           <compatibility>9.2</compatibility>
       </version>
      <version>
          <num>0.90+1.0</num>
          <compatibility>0.90</compatibility>
      </version>
      <version>
          <num>0.85+1.0</num>
          <compatibility>0.85</compatibility>
      </version>
      <version>
          <num>0.84+1.2</num>
          <compatibility>0.84</compatibility>
      </version>
      <version>
          <num>0.84+1.1</num>
          <compatibility>0.84</compatibility>
      </version>
      <version>
          <num>0.84+1.0</num>
          <compatibility>0.84</compatibility>
      </version>
      <version>
          <num>0.83+1.1</num>
          <compatibility>0.83</compatibility>
      </version>
      <version>
          <num>0.83+1.0</num>
          <compatibility>0.83</compatibility>
      </version>
   </versions>
   <langs>
      <lang>cs_CZ</lang>
      <lang>en_GB</lang>
      <lang>es_ES</lang>
      <lang>fr_FR</lang>
      <lang>lv_LV</lang>
      <lang>pt_BR</lang>
      <lang>ru_RU</lang>
   </langs>
   <license><![CDATA[AGPL v3]]></license>
   <tags>
         <fr>
            <tag>Ticket</tag>
            <tag>Chronologie</tag>
            <tag>Statistiques</tag>
         </fr>
         <en>
            <tag>Ticket</tag>
            <tag>Timeline</tag>
            <tag>Statistics</tag>
         </en>
         <cs>
            <tag>Požadavek</tag>
            <tag>Časováosa</tag>
            <tag>Statistiky</tag>
         </cs>
   </tags>
   <screenshots>
   </screenshots>
</root>
